#,s_ID,i_ID
1,13757,42782
2,36513,52647
3,97042,74426
4,46260,48570
5,29871,3335
6,75082,50885
7,65715,52647
8,54875,43779
9,99710,52647
10,36384,97302
11,51923,96895
12,37653,42782
13,61783,48507
14,86552,3335
15,11855,72553
16,43016,3199
17,11237,72553
18,96710,41930
19,27044,73623
20,25046,50885
21,62487,37687
22,49759,65931
23,65101,48570
24,64550,6569
25,25143,95709
26,13495,59795
27,67560,78699
28,28316,78699
29,47379,74420
30,56003,4233
31,32369,64871
32,52187,73623
33,91992,97302
34,71543,78699
35,1220,50330
36,40937,4233
37,14065,77346
38,43495,3335
39,26494,25946
40,12362,25946
41,41675,36897
42,78314,4034
43,51579,34175
44,2178,64871
45,86707,6569
46,56849,19368
47,6712,96895
48,17207,28400
49,81876,97302
50,66259,72553
51,75794,48507
52,77003,95709
53,31101,15347
54,64196,80759
55,14628,59795
56,24197,65931
57,3576,78699
58,45720,16807
59,15980,43779
60,34569,15347
61,73492,37687
62,44836,72553
63,27366,77346
64,16250,95709
65,10267,59795
66,77244,22591
67,7854,4034
68,1726,36897
69,8347,37687
70,83573,90376
71,6209,79653
72,85849,63395
73,76224,35579
74,7043,64871
75,70235,34175
76,47824,52647
77,58935,57180
78,987,90643
79,46074,58558
80,23270,65931
81,42956,63287
82,78481,58558
83,888,50885
84,42625,25946
85,43211,79653
86,43226,43779
87,53172,90376
88,16133,74420
89,75522,59795
90,68330,90376
91,53225,58558
92,67542,63287
93,8860,72553
94,22198,79081
95,56212,14365
96,67514,6569
97,58919,52647
98,82707,57180
99,86641,65931
100,94324,77346
101,75534,50885
102,15283,50330
103,47677,31955
104,94569,63287
105,90814,72553
106,63310,74426
107,48660,95030
108,35293,90376
109,28004,3335
110,50038,6569
111,25940,96895
112,11126,35579
113,92332,80759
114,18752,95709
115,61527,22591
116,32119,42782
117,163,41930
118,32065,42782
119,45436,34175
120,58085,73623
121,17076,74420
122,17133,95030
123,36791,80759
124,25785,73623
125,11055,48507
126,96227,63395
127,67024,31955
128,69307,79081
129,23439,36897
130,66969,50330
131,22268,6569
132,41938,96895
133,17057,80759
134,92693,99052
135,49503,37687
136,77130,78699
137,7861,80759
138,51538,77346
139,57787,37687
140,75116,31955
141,81984,34175
142,68395,52647
143,11057,72553
144,20002,28400
145,95027,95030
146,7514,64871
147,88358,6569
148,34392,79653
149,57538,15347
150,9114,15347
151,8378,59795
152,51416,19368
153,71389,97302
154,16453,34175
155,62226,64871
156,26028,42782
157,45817,35579
158,48469,95709
159,69230,58558
160,99711,42782
161,26695,15347
162,2501,50885
163,8819,28097
164,507,78699
165,80698,31955
166,73328,3335
167,23457,57180
168,17996,78699
169,75173,72553
170,25552,81991
171,63612,48507
172,27898,37687
173,33401,14365
174,49280,63395
175,66279,19368
176,12326,42782
177,32772,59795
178,25725,50330
179,89571,37687
180,99780,36897
181,91580,4233
182,27043,90376
183,96615,35579
184,39892,28097
185,1232,79653
186,22467,90643
187,88884,52647
188,96911,64871
189,46337,48507
190,23110,48507
191,60762,15347
192,65676,4233
193,47025,58558
194,1812,4034
195,66763,63287
196,52741,42782
197,78911,73623
198,33206,42782
199,15030,77346
200,11377,19368
201,17676,74426
202,52019,90643
203,64013,57180
204,45770,59795
205,63288,99052
206,92949,95030
207,83871,90376
208,41671,35579
209,645,72553
210,61444,81991
211,85534,41930
212,35362,16807
213,22417,22591
214,5961,97302
215,35257,90643
216,65299,81991
217,18367,74426
218,68396,4233
219,35905,16807
220,45650,37687
221,27662,52647
222,25077,79653
223,85575,80759
224,760,28400
225,67583,65931
226,63886,95030
227,34055,14365
228,41973,73623
229,30017,15347
230,37581,36897
231,62373,19368
232,57160,25946
233,2967,73623
234,5144,34175
235,5703,79653
236,58170,19368
237,53424,63395
238,17397,34175
239,77588,35579
240,92442,97302
241,42114,28097
242,53699,14365
243,22258,4034
244,2133,6569
245,73606,16807
246,63040,48507
247,74473,41930
248,9659,31955
249,21552,22591
250,45002,99052
251,57213,42782
252,56058,78699
253,84792,96895
254,57185,4034
255,75510,4034
256,42560,37687
257,75252,63395
258,82402,99052
259,17339,57180
260,77148,79081
261,11419,97302
262,37869,97302
263,28977,74426
264,28989,58558
265,92867,95709
266,92703,97302
267,17600,73623
268,32464,79653
269,71426,48570
270,8343,3335
271,41261,35579
272,58469,15347
273,36303,58558
274,30164,35579
275,29920,35579
276,30858,4233
277,88801,50330
278,57780,16807
279,21246,72553
280,34957,28097
281,61998,3335
282,56598,90376
283,463,19368
284,81245,19368
285,21100,3335
286,56,95030
287,64121,95030
288,20489,97302
289,10834,79081
290,63289,57180
291,9953,95709
292,78782,79653
293,5399,79653
294,1367,28097
295,30896,50885
296,12236,95030
297,89297,22591
298,52656,80759
299,18859,63395
300,17377,96895
301,50039,64871
302,78756,81991
303,3833,14365
304,47627,99052
305,65438,35579
306,8912,79653
307,22912,19368
308,99289,65931
309,63039,52647
310,20180,95030
311,35687,77346
312,28409,34175
313,56078,52647
314,48589,64871
315,7956,50885
316,16347,90376
317,75362,58558
318,57242,4034
319,71085,19368
320,89132,3199
321,79763,42782
322,41818,65931
323,667,90376
324,82970,36897
325,68150,36897
326,63243,28097
327,18338,97302
328,51862,28400
329,19203,79653
330,78892,48570
331,67657,34175
332,71628,58558
333,43854,81991
334,123,59795
335,5943,52647
336,56139,48570
337,45680,79653
338,76759,25946
339,26802,77346
340,83747,78699
341,35935,48570
342,8957,4233
343,40481,16807
344,44352,16807
345,73072,41930
346,96206,81991
347,8843,72553
348,41299,90643
349,13403,14365
350,65703,63287
351,49205,36897
352,22345,63287
353,39254,90376
354,80742,15347
355,94726,80759
356,77361,77346
357,52856,97302
358,64138,15347
359,89414,52647
360,22618,4034
361,98870,43779
362,77234,63395
363,56057,42782
364,32881,16807
365,92776,99052
366,82301,96895
367,29959,57180
368,30182,48507
369,96324,79653
370,56232,63287
371,53047,34175
372,87015,90376
373,55329,48507
374,21394,4034
375,61166,37687
376,74530,72553
377,99189,90376
378,34170,81991
379,19220,16807
380,73542,31955
381,97590,28097
382,15613,50885
383,78767,3199
384,51553,74426
385,9947,79081
386,95260,6569
387,87268,59795
388,35,65931
389,99451,97302
390,65396,50885
391,98140,77346
392,62520,73623
393,40044,3199
394,78787,31955
395,85308,6569
396,85809,43779
397,30021,4233
398,54153,57180
399,73387,74426
400,83003,28097
401,13211,57180
402,20803,58558
403,6990,36897
404,2629,4233
405,83398,74426
406,6673,79081
407,81294,35579
408,81566,63287
409,94620,79653
410,57456,16807
411,17424,81991
412,34195,14365
413,94836,50885
414,16543,79081
415,42843,50330
416,82868,90376
417,18499,99052
418,50013,25946
419,53077,48507
420,87439,19368
421,40738,65931
422,13352,99052
423,9605,52647
424,53490,42782
425,57925,78699
426,57055,42782
427,21009,42782
428,8140,31955
429,37284,35579
430,97023,52647
431,5920,99052
432,91915,28400
433,25780,58558
434,26473,28097
435,43032,42782
436,30110,95030
437,88302,95709
438,83002,74426
439,83136,72553
440,61364,16807
441,50598,95709
442,83696,97302
443,33791,65931
444,61403,65931
445,66356,96895
446,12683,63287
447,66106,73623
448,77729,28097
449,52750,57180
450,25256,95030
451,3640,79653
452,22325,37687
453,26730,41930
454,70918,19368
455,91616,97302
456,69285,41930
457,42688,36897
458,24932,3199
459,33817,90643
460,53185,25946
461,85445,57180
462,58081,42782
463,75560,42782
464,80821,95709
465,19536,28097
466,27002,28097
467,39925,97302
468,90194,3199
469,32056,52647
470,67310,63395
471,88389,77346
472,78469,48570
473,46450,28400
474,86651,41930
475,5824,80759
476,11101,14365
477,57431,79081
478,96193,99052
479,55531,77346
480,17192,77346
481,86075,99052
482,81150,50330
483,44206,73623
484,67222,63395
485,47126,35579
486,67407,28097
487,20814,16807
488,25331,35579
489,83838,14365
490,66293,64871
491,56499,79653
492,32368,48570
493,75273,16807
494,67436,52647
495,259,16807
496,858,81991
497,94990,35579
498,89140,97302
499,55940,48507
500,72768,79081
501,96772,28097
502,25068,99052
503,96988,36897
504,44816,80759
505,88417,43779
506,11441,35579
507,4435,79081
508,70362,64871
509,54460,6569
510,7970,79081
511,73807,25946
512,19050,35579
513,67146,79081
514,23934,99052
515,96246,42782
516,21225,74426
517,18554,72553
518,38013,63287
519,98019,6569
520,40457,95709
521,94801,42782
522,65038,74420
523,4383,35579
524,36402,57180
525,9514,63287
526,11195,31955
527,31442,37687
528,51698,6569
529,18809,79081
530,85505,36897
531,64642,48570
532,54612,3335
533,5843,50330
534,90779,95030
535,52371,4233
536,51238,4034
537,62124,28400
538,84039,95709
539,24201,57180
540,31993,77346
541,39520,97302
542,59172,50330
543,21774,14365
544,30957,14365
545,54610,28400
546,72358,73623
547,83204,58558
548,76246,14365
549,80047,28097
550,38545,63287
551,8986,79653
552,89393,3335
553,37103,79081
554,76743,64871
555,81396,74426
556,46066,79653
557,6729,28097
558,90372,25946
559,28352,36897
560,9408,6569
561,15517,41930
562,61402,63395
563,49813,48507
564,72186,95709
565,31250,14365
566,51768,80759
567,18636,43779
568,88993,41930
569,72177,79653
570,99760,81991
571,80227,16807
572,76270,4034
573,42019,78699
574,15726,72553
575,97694,22591
576,16849,3335
577,11262,77346
578,64222,37687
579,91799,81991
580,10727,6569
581,64169,16807
582,81031,50885
583,18941,34175
584,46981,77346
585,66229,36897
586,87280,63287
587,73206,4034
588,24387,19368
589,32744,37687
590,39204,74426
591,42298,52647
592,53588,81991
593,90004,16807
594,12563,36897
595,55000,64871
596,1110,3335
597,55170,4034
598,56080,90376
599,61065,99052
600,107,15347
601,11453,97302
602,53805,74420
603,39241,95030
604,32886,57180
605,40080,95709
606,22142,79653
607,94257,48570
608,75513,74420
609,99268,95030
610,20084,16807
611,51868,52647
612,7287,14365
613,35588,48570
614,83170,15347
615,14596,79081
616,23794,90376
617,78332,41930
618,49339,41930
619,40677,95030
620,90220,95709
621,95029,48570
622,83728,3335
623,67033,63287
624,87785,15347
625,4345,28400
626,96085,59795
627,64249,52647
628,53803,15347
629,27956,79081
630,24796,35579
631,4449,37687
632,77364,4233
633,70384,37687
634,18007,16807
635,51723,42782
636,56486,22591
637,70359,6569
638,18234,34175
639,34322,41930
640,24325,79653
641,83444,64871
642,93814,35579
643,80912,74420
644,70099,3335
645,64945,97302
646,81789,48570
647,38271,79081
648,87784,57180
649,46436,50885
650,20195,96895
651,31080,31955
652,85887,74426
653,85234,4233
654,1460,43779
655,30650,43779
656,6474,78699
657,67051,95709
658,58300,31955
659,64192,50330
660,84727,96895
661,39881,72553
662,3163,72553
663,72643,37687
664,66008,74426
665,76291,25946
666,92274,37687
667,16075,73623
668,30334,6569
669,75123,48570
670,35042,97302
671,99073,37687
672,68280,35579
673,80976,19368
674,68554,72553
675,99949,16807
676,71287,52647
677,73268,74420
678,93708,58558
679,29399,50330
680,14284,80759
681,80247,3199
682,86344,4233
683,54728,6569
684,86375,22591
685,64401,48507
686,9183,63287
687,71529,15347
688,65433,58558
689,89051,81991
690,90448,31955
691,90082,90643
692,25362,48570
693,74509,79081
694,20445,74426
695,40059,4034
696,60867,63287
697,28128,74420
698,28518,97302
699,17086,16807
700,91132,63287
701,29260,57180
702,29707,59795
703,85746,4034
704,54605,4034
705,78922,79653
706,76173,3335
707,6304,22591
708,98120,16807
709,6195,37687
710,33837,78699
711,86833,95030
712,28829,6569
713,82974,95709
714,39114,96895
715,53485,15347
716,8603,65931
717,7973,58558
718,34502,31955
719,69853,28400
720,70389,37687
721,75423,6569
722,26881,59795
723,19848,28097
724,5017,37687
725,33094,14365
726,25468,4233
727,75928,6569
728,94522,79653
729,30289,35579
730,54296,97302
731,12069,65931
732,89059,95709
733,38336,36897
734,98563,65931
735,19541,72553
736,95366,65931
737,69758,16807
738,98690,79653
739,66494,28400
740,65205,28097
741,11682,59795
742,36265,96895
743,14432,79653
744,63860,57180
745,50969,77346
746,95089,36897
747,74840,22591
748,29002,63395
749,37809,28400
750,27727,52647
751,66469,81991
752,31486,95030
753,95099,73623
754,57083,36897
755,83622,74420
756,68278,57180
757,87651,4034
758,8426,34175
759,88793,97302
760,60249,95709
761,65144,28097
762,91091,74420
763,8252,15347
764,82126,4233
765,13290,77346
766,85356,95030
767,5871,41930
768,59290,72553
769,5414,63395
770,30124,48570
771,21008,95709
772,69732,58558
773,19450,25946
774,55915,95030
775,14621,74426
776,22003,57180
777,16631,19368
778,51549,63395
779,95284,74426
780,60366,3199
781,99369,52647
782,50873,19368
783,36244,58558
784,58874,3199
785,82687,79081
786,2423,34175
787,62429,50330
788,93631,95709
789,29705,80759
790,52076,48570
791,53451,4233
792,69730,3199
793,56276,48507
794,23311,73623
795,21086,42782
796,61003,79081
797,27950,22591
798,50583,41930
799,40276,77346
800,15487,28400
801,83592,48570
802,46970,81991
803,30188,19368
804,64934,31955
805,99694,15347
806,79534,4233
807,57156,73623
808,41894,63287
809,69679,35579
810,62795,96895
811,34331,52647
812,4645,28400
813,70395,97302
814,69222,81991
815,22254,64871
816,51817,4233
817,66495,95709
818,72501,79653
819,7390,19368
820,28538,99052
821,68649,65931
822,15249,64871
823,98984,36897
824,35198,22591
825,67017,50330
826,27919,3335
827,46762,22591
828,98843,19368
829,14094,95030
830,79589,41930
831,94371,6569
832,25528,3335
833,7620,31955
834,43658,79653
835,65714,57180
836,37339,3199
837,38555,74426
838,73908,43779
839,4438,25946
840,15883,22591
841,41890,35579
842,75547,52647
843,89196,72553
844,52494,97302
845,44551,74420
846,61332,19368
847,37715,35579
848,68779,79653
849,71768,3199
850,72055,95709
851,29514,4034
852,62152,64871
853,66212,31955
854,53048,57180
855,4015,96895
856,67340,6569
857,2970,42782
858,27952,57180
859,51008,16807
860,97629,3199
861,31079,65931
862,57941,34175
863,30397,65931
864,45826,14365
865,70299,22591
866,9084,63287
867,78116,97302
868,5250,48570
869,93508,50330
870,30845,48507
871,91442,90643
872,75938,50330
873,74672,3335
874,12078,35579
875,94311,48507
876,94697,28400
877,50702,77346
878,35462,28097
879,34018,28097
880,99775,77346
881,88140,16807
882,46106,28097
883,68096,63395
884,84808,22591
885,97658,34175
886,73186,22591
887,50944,58558
888,53165,35579
889,86981,77346
890,16885,35579
891,2561,52647
892,96178,42782
893,64731,65931
894,14023,73623
895,47265,63287
896,84704,90376
897,69132,77346
898,49073,80759
899,44703,28400
900,41211,6569
901,61414,77346
902,38696,50885
903,90009,95030
904,97868,99052
905,17944,64871
906,25380,96895
907,85614,72553
908,60984,77346
909,84495,63395
910,19321,57180
911,99611,4034
912,72485,41930
913,50267,43779
914,544,78699
915,55009,48570
916,45083,74426
917,67018,35579
918,93039,74426
919,75772,48570
920,60224,50330
921,41674,3199
922,97435,80759
923,21101,96895
924,76250,41930
925,40682,36897
926,39612,14365
927,14032,34175
928,75791,37687
929,5208,36897
930,43432,63287
931,68453,57180
932,12711,58558
933,40932,34175
934,6710,77346
935,91370,63287
936,43912,80759
937,12666,74420
938,74460,81991
939,99422,14365
940,95320,80759
941,56299,58558
942,84432,79081
943,75231,63287
944,94846,25946
945,4004,50330
946,28361,96895
947,97228,42782
948,39552,63395
949,38676,3199
950,94814,57180
951,16035,81991
952,79205,43779
953,4682,35579
954,5925,4034
955,25187,41930
956,19603,48570
957,41491,37687
958,99764,63287
959,50537,95709
960,67793,36897
961,47487,41930
962,19362,14365
963,25942,96895
964,39238,72553
965,65979,6569
966,22086,19368
967,37734,31955
968,17911,28097
969,87831,79081
970,12214,25946
971,20378,78699
972,11083,96895
973,57377,50885
974,35881,78699
975,34542,79081
976,91978,48570
977,87048,59795
978,64820,14365
979,57474,41930
980,53496,3199
981,87193,4233
982,847,65931
983,42388,97302
984,62749,15347
985,41988,28097
986,85680,97302
987,82083,63287
988,65056,72553
989,3639,59795
990,37038,79653
991,9933,64871
992,65190,52647
993,15328,37687
994,59455,14365
995,49873,22591
996,82039,48570
997,20974,28400
998,56089,48507
999,86573,72553
1000,38712,97302
1001,42991,6569
1002,28019,15347
1003,13023,58558
1004,31761,72553
1005,56882,25946
1006,34788,37687
1007,17607,52647
1008,48776,58558
1009,78758,59795
1010,77218,77346
1011,4034,97302
1012,50658,81991
1013,76057,37687
1014,96067,99052
1015,24784,4034
1016,31560,36897
1017,32345,74426
1018,76799,58558
1019,37454,96895
1020,30943,63287
1021,16405,73623
1022,95850,4233
1023,26619,35579
1024,17997,65931
1025,26427,80759
1026,73213,90376
1027,93366,58558
1028,33882,74426
1029,37818,43779
1030,21102,74426
1031,76798,52647
1032,31820,90376
1033,63489,50885
1034,51955,81991
1035,71631,72553
1036,48009,16807
1037,51678,65931
1038,73602,31955
1039,11530,4034
1040,32376,4233
1041,80799,74420
1042,40178,99052
1043,58701,42782
1044,46655,81991
1045,93043,72553
1046,1402,37687
1047,29462,3199
1048,49701,42782
1049,96968,3199
1050,89551,16807
1051,32483,72553
1052,39472,77346
1053,88045,34175
1054,30474,65931
1055,31476,36897
1056,95175,57180
1057,95697,50330
1058,37759,95030
1059,96134,95709
1060,92464,4034
1061,78434,80759
1062,44038,63395
1063,43993,95030
1064,914,95030
1065,19342,78699
1066,13749,79653
1067,33546,72553
1068,40116,42782
1069,46980,3199
1070,31266,81991
1071,65688,73623
1072,65563,35579
1073,83314,57180
1074,39876,72553
1075,44706,43779
1076,15086,48570
1077,12615,34175
1078,63538,25946
1079,17831,22591
1080,96117,15347
1081,82066,31955
1082,28738,79653
1083,84515,97302
1084,90132,90643
1085,8192,22591
1086,25611,63395
1087,50743,52647
1088,41683,28097
1089,99553,48507
1090,22179,22591
1091,65121,72553
1092,52057,81991
1093,931,95709
1094,23392,59795
1095,33759,15347
1096,52203,4233
1097,78581,74426
1098,65241,25946
1099,45359,80759
1100,86001,64871
1101,22532,50330
1102,97573,22591
1103,90609,6569
1104,16528,48507
1105,61920,28400
1106,282,28400
1107,85602,58558
1108,62832,95709
1109,78454,34175
1110,30222,90376
1111,28994,4233
1112,39927,77346
1113,74070,90376
1114,65208,59795
1115,2286,31955
1116,49450,59795
1117,83214,73623
1118,6287,99052
1119,86661,90376
1120,68242,28400
1121,42092,74420
1122,9993,96895
1123,89734,73623
1124,7732,16807
1125,89312,3335
1126,35357,50330
1127,86127,58558
1128,18775,37687
1129,24374,4034
1130,2848,57180
1131,78143,3199
1132,50977,3335
1133,96895,65931
1134,95626,50885
1135,22260,42782
1136,23224,36897
1137,27528,80759
1138,71025,74426
1139,36845,72553
1140,17924,97302
1141,69632,59795
1142,70828,97302
1143,27687,4034
1144,28299,63395
1145,14869,22591
1146,11152,6569
1147,17507,65931
1148,57107,31955
1149,47670,95030
1150,25718,6569
1151,67293,74426
1152,41091,96895
1153,86674,65931
1154,23506,52647
1155,8022,77346
1156,97953,4233
1157,86934,36897
1158,58172,28400
1159,81610,78699
1160,77172,64871
1161,499,35579
1162,94730,3199
1163,40371,31955
1164,3651,41930
1165,85904,34175
1166,73394,99052
1167,8807,96895
1168,62705,48570
1169,11578,90376
1170,68248,50330
1171,98315,6569
1172,62754,95030
1173,41406,95030
1174,82063,57180
1175,87706,34175
1176,20540,41930
1177,69960,14365
1178,30252,65931
1179,70098,37687
1180,93986,14365
1181,35685,97302
1182,31364,34175
1183,36494,4034
1184,32217,4233
1185,69952,79081
1186,52523,31955
1187,7149,97302
1188,71878,57180
1189,29192,48570
1190,79446,48507
1191,77000,22591
1192,1836,35579
1193,84167,95709
1194,81785,78699
1195,1087,35579
1196,5617,73623
1197,53547,73623
1198,39978,31955
1199,60748,6569
1200,23449,81991
1201,52385,63287
1202,2139,4233
1203,12941,37687
1204,72521,80759
1205,82580,65931
1206,39394,14365
1207,39901,43779
1208,3493,74426
1209,90353,81991
1210,69747,28400
1211,39514,14365
1212,36995,16807
1213,12971,50330
1214,76768,19368
1215,79502,90376
1216,63390,50885
1217,19824,77346
1218,46769,52647
1219,65400,4034
1220,44258,96895
1221,81896,16807
1222,79772,90643
1223,46155,78699
1224,18709,52647
1225,63502,16807
1226,39521,97302
1227,51203,78699
1228,96741,48507
1229,38371,48570
1230,59673,79081
1231,13365,95030
1232,1000,16807
1233,19735,90643
1234,34126,95709
1235,16467,50330
1236,80248,3199
1237,58634,28400
1238,51975,16807
1239,77548,90643
1240,74796,36897
1241,85981,28400
1242,29645,37687
1243,89234,57180
1244,94142,16807
1245,79697,42782
1246,90089,48570
1247,20244,25946
1248,37350,99052
1249,81638,63395
1250,90914,28400
1251,75395,95709
1252,42556,28400
1253,10556,3199
1254,39619,74426
1255,38288,3199
1256,20985,79653
1257,38548,74420
1258,15698,41930
1259,23500,79653
1260,70965,22591
1261,76911,63395
1262,3545,74420
1263,46694,28400
1264,99977,28400
1265,90124,57180
1266,95840,48570
1267,56143,52647
1268,79469,50330
1269,3693,73623
1270,42096,4233
1271,88472,90643
1272,14874,79081
1273,978,36897
1274,33201,81991
1275,30161,63287
1276,46441,14365
1277,31035,19368
1278,67371,3335
1279,80651,4233
1280,43505,72553
1281,35498,80759
1282,48423,95709
1283,51093,15347
1284,78572,37687
1285,52669,37687
1286,87246,28400
1287,69122,79081
1288,52945,48570
1289,52471,4233
1290,62728,97302
1291,52929,43779
1292,85754,19368
1293,18583,50330
1294,74974,77346
1295,48611,77346
1296,63582,81991
1297,53118,79081
1298,88887,48570
1299,81175,19368
1300,69783,31955
1301,14829,52647
1302,53469,80759
1303,44304,22591
1304,48861,52647
1305,73411,77346
1306,95225,48570
1307,53788,77346
1308,68712,57180
1309,52866,35579
1310,5298,90376
1311,58606,59795
1312,76049,14365
1313,78858,99052
1314,97041,28400
1315,98388,63287
1316,15024,77346
1317,5243,58558
1318,80990,90376
1319,77664,35579
1320,49982,77346
1321,87222,57180
1322,35523,25946
1323,14499,97302
1324,33107,77346
1325,18108,34175
1326,67655,4233
1327,95852,79081
1328,50664,36897
1329,59117,37687
1330,435,4233
1331,75596,6569
1332,34197,73623
1333,66281,79653
1334,86736,90643
1335,14484,48507
1336,88308,25946
1337,36657,96895
1338,93125,78699
1339,29140,48570
1340,85211,15347
1341,23525,50330
1342,3005,31955
1343,91197,35579
1344,1285,4034
1345,29863,16807
1346,15070,97302
1347,98047,57180
1348,87624,28097
1349,38902,65931
1350,15538,59795
1351,83691,79653
1352,89759,42782
1353,34770,64871
1354,11202,90376
1355,65681,3199
1356,17665,74426
1357,11966,79653
1358,21556,42782
1359,24002,19368
1360,75878,22591
1361,52120,34175
1362,93491,64871
1363,78637,90643
1364,9256,72553
1365,41345,50330
1366,98726,52647
1367,5381,77346
1368,99647,37687
1369,50331,78699
1370,48247,28400
1371,65753,73623
1372,29091,63287
1373,72165,99052
1374,43981,48507
1375,16057,42782
1376,88525,48507
1377,16480,41930
1378,92849,90376
1379,9495,77346
1380,14581,50885
1381,65901,96895
1382,96203,28400
1383,1954,4233
1384,66484,41930
1385,15083,73623
1386,48901,4034
1387,15340,16807
1388,16515,97302
1389,54620,58558
1390,15430,95709
1391,27236,79653
1392,2201,25946
1393,69471,63395
1394,13880,74420
1395,827,31955
1396,42960,73623
1397,48471,99052
1398,13217,16807
1399,45570,25946
1400,94815,41930
1401,1922,4233
1402,51084,63287
1403,842,48570
1404,53152,99052
1405,11201,52647
1406,88577,57180
1407,22050,79653
1408,68010,36897
1409,10838,96895
1410,59848,52647
1411,7035,36897
1412,5463,25946
1413,74464,43779
1414,16969,50885
1415,62054,25946
1416,50719,3335
1417,41280,81991
1418,31341,42782
1419,23475,97302
1420,55354,37687
1421,50966,25946
1422,10269,15347
1423,92659,19368
1424,49792,63395
1425,27140,25946
1426,993,90376
1427,58326,50885
1428,70924,63287
1429,71944,43779
1430,95201,28097
1431,52876,80759
1432,58355,58558
1433,90181,41930
1434,53799,3335
1435,13511,3335
1436,69521,35579
1437,37946,28097
1438,15578,37687
1439,16311,4233
1440,56124,52647
1441,63560,90376
1442,75299,43779
1443,61356,74420
1444,70061,36897
1445,61232,31955
1446,16523,57180
1447,57238,3199
1448,63645,37687
1449,55857,72553
1450,90041,50885
1451,68263,48507
1452,48165,59795
1453,23373,95030
1454,5336,42782
1455,18286,50885
1456,4860,73623
1457,68516,59795
1458,94766,36897
1459,72669,81991
1460,41596,3335
1461,55286,3199
1462,10693,72553
1463,50467,64871
1464,21692,97302
1465,8517,14365
1466,28133,3199
1467,10033,64871
1468,60406,41930
1469,50703,41930
1470,98359,48570
1471,23992,4034
1472,31554,14365
1473,70807,72553
1474,4355,14365
1475,8457,43779
1476,10904,48570
1477,83836,63287
1478,72657,58558
1479,46035,31955
1480,36881,59795
1481,79487,37687
1482,48778,80759
1483,64039,4034
1484,42565,79081
1485,29665,3199
1486,83511,74420
1487,45494,97302
1488,12173,95709
1489,16993,14365
1490,62784,74420
1491,23344,43779
1492,92417,78699
1493,86529,48570
1494,84654,22591
1495,52134,35579
1496,90234,57180
1497,13921,37687
1498,76169,50330
1499,41832,4233
1500,68720,41930
1501,66753,4034
1502,13753,81991
1503,57190,65931
1504,27804,79081
1505,63449,74420
1506,27017,95030
1507,52291,77346
1508,80941,15347
1509,95953,16807
1510,72528,28400
1511,61854,74420
1512,91851,37687
1513,38973,65931
1514,83480,79653
1515,13504,81991
1516,19766,28400
1517,50365,90376
1518,43616,79081
1519,19917,74426
1520,29849,43779
1521,85063,25946
1522,70564,35579
1523,38121,65931
1524,14563,6569
1525,6895,34175
1526,3039,4233
1527,86969,95709
1528,11455,63395
1529,24809,58558
1530,50414,52647
1531,57026,14365
1532,69081,73623
1533,7498,6569
1534,34158,90376
1535,15144,50330
1536,88287,22591
1537,72006,19368
1538,49244,72553
1539,14639,3199
1540,76604,63395
1541,80113,16807
1542,18740,63395
1543,69628,96895
1544,24746,19368
1545,79352,95030
1546,76672,22591
1547,14182,77346
1548,44985,31955
1549,96052,73623
1550,35175,90643
1551,44271,58558
1552,40897,73623
1553,92839,25946
1554,79329,58558
1555,97101,48570
1556,24865,6569
1557,36052,31955
1558,98940,99052
1559,21395,58558
1560,55859,28097
1561,74016,74420
1562,93061,64871
1563,94998,50330
1564,30772,57180
1565,1968,3335
1566,90567,48507
1567,49611,58558
1568,81538,59795
1569,68999,6569
1570,74639,41930
1571,66054,25946
1572,792,48507
1573,60267,81991
1574,17769,36897
1575,39580,3199
1576,89106,15347
1577,37856,25946
1578,58307,48507
1579,57985,52647
1580,72014,22591
1581,2795,28400
1582,89000,58558
1583,46442,48570
1584,60040,15347
1585,19791,59795
1586,4582,64871
1587,108,77346
1588,1533,50885
1589,7123,65931
1590,44584,64871
1591,32954,90376
1592,98056,73623
1593,76953,79081
1594,81884,3199
1595,22057,48507
1596,21126,52647
1597,82918,81991
1598,4173,25946
1599,83022,64871
1600,25525,96895
1601,75040,80759
1602,31624,41930
1603,64893,96895
1604,59920,72553
1605,38602,77346
1606,21401,79081
1607,93004,15347
1608,38899,37687
1609,75241,28097
1610,98830,80759
1611,37101,80759
1612,4508,28097
1613,32130,16807
1614,56755,79653
1615,11510,95709
1616,3335,74420
1617,61081,80759
1618,33651,96895
1619,8251,73623
1620,10705,6569
1621,64082,74426
1622,59517,34175
1623,91569,14365
1624,88085,28400
1625,96722,58558
1626,36379,42782
1627,69581,25946
1628,65329,3335
1629,49214,4034
1630,64155,36897
1631,58594,74420
1632,71904,95030
1633,69241,72553
1634,58889,3335
1635,30341,79081
1636,70688,97302
1637,81258,58558
1638,63090,25946
1639,70572,35579
1640,58413,28400
1641,93171,6569
1642,35138,41930
1643,77289,59795
1644,93571,57180
1645,14554,22591
1646,46725,90376
1647,99730,3199
1648,10527,36897
1649,898,22591
1650,64297,43779
1651,10204,65931
1652,36926,43779
1653,49618,74426
1654,34329,81991
1655,84410,81991
1656,29435,77346
1657,62636,79081
1658,8483,74426
1659,2177,50330
1660,43348,81991
1661,37430,41930
1662,37586,81991
1663,55238,35579
1664,34404,74426
1665,59539,28400
1666,43123,95030
1667,19582,96895
1668,88553,31955
1669,5898,34175
1670,2419,73623
1671,31516,95030
1672,3487,4034
1673,66269,58558
1674,54622,4034
1675,19638,4034
1676,88418,57180
1677,86802,35579
1678,63361,90643
1679,6367,14365
1680,84239,22591
1681,4940,15347
1682,90663,77346
1683,38476,95030
1684,96003,3335
1685,64914,14365
1686,41599,48507
1687,22226,64871
1688,96153,28097
1689,44998,36897
1690,74163,80759
1691,75046,16807
1692,97679,43779
1693,94894,78699
1694,44881,22591
1695,98619,77346
1696,86753,22591
1697,87054,35579
1698,39046,19368
1699,29031,78699
1700,97355,28400
1701,24010,80759
1702,21789,63395
1703,52157,65931
1704,64938,52647
1705,94535,50885
1706,58595,31955
1707,72979,41930
1708,32506,28097
1709,31690,14365
1710,87044,36897
1711,34236,57180
1712,18808,77346
1713,91063,52647
1714,48462,52647
1715,41965,65931
1716,31137,50330
1717,7602,63287
1718,84845,6569
1719,28252,90643
1720,10736,90643
1721,58465,59795
1722,64140,52647
1723,6523,43779
1724,64067,77346
1725,99399,4034
1726,21337,43779
1727,15457,95709
1728,26102,99052
1729,31337,50330
1730,67425,42782
1731,48640,3335
1732,72741,80759
1733,29803,3199
1734,38895,15347
1735,49391,16807
1736,13741,4034
1737,59538,42782
1738,9360,28097
1739,53728,57180
1740,77898,15347
1741,32419,95030
1742,37521,4034
1743,97065,79653
1744,80057,90376
1745,1826,64871
1746,80285,73623
1747,72959,90643
1748,41751,34175
1749,11604,43779
1750,41827,35579
1751,8853,99052
1752,9440,4233
1753,1884,72553
1754,41774,37687
1755,32385,72553
1756,336,28097
1757,82688,79081
1758,66090,35579
1759,4182,63287
1760,20099,95709
1761,81028,78699
1762,27556,28400
1763,65258,6569
1764,29239,65931
1765,54508,80759
1766,37449,63287
1767,16753,96895
1768,82697,63287
1769,11422,37687
1770,59046,19368
1771,89246,35579
1772,95859,6569
1773,94173,43779
1774,70021,96895
1775,92040,19368
1776,36019,96895
1777,40558,79653
1778,62549,77346
1779,92385,50885
1780,14214,22591
1781,32245,15347
1782,13506,90643
1783,26080,6569
1784,52872,28400
1785,28952,74420
1786,1080,25946
1787,11095,48570
1788,33460,95709
1789,99226,79081
1790,52707,64871
1791,40189,22591
1792,35721,43779
1793,6400,80759
1794,60688,73623
1795,18821,59795
1796,65443,95709
1797,71630,48570
1798,46956,48570
1799,64259,64871
1800,77021,73623
1801,41450,77346
1802,13028,78699
1803,90381,16807
1804,9460,3199
1805,98423,64871
1806,38691,28400
1807,86806,48570
1808,18469,97302
1809,11194,16807
1810,19862,48507
1811,24116,16807
1812,67021,65931
1813,69752,16807
1814,69225,50330
1815,1018,79653
1816,7656,63287
1817,35220,80759
1818,79210,34175
1819,10814,4034
1820,55698,25946
1821,49684,95030
1822,59908,15347
1823,64724,35579
1824,19048,73623
1825,62716,90376
1826,95205,25946
1827,40303,99052
1828,27430,48570
1829,83953,50885
1830,4248,15347
1831,21766,22591
1832,39657,28400
1833,85366,48570
1834,93354,52647
1835,77580,41930
1836,92864,74420
1837,57135,50330
1838,1727,77346
1839,91788,15347
1840,80420,3199
1841,67810,79653
1842,86404,43779
1843,16907,78699
1844,46928,3199
1845,84702,14365
1846,91343,15347
1847,83686,90376
1848,83462,97302
1849,67725,74426
1850,5393,41930
1851,34422,79653
1852,17128,4034
1853,81883,50885
1854,87965,74426
1855,93653,15347
1856,70522,50330
1857,48850,36897
1858,68070,73623
1859,50206,81991
1860,80254,79081
1861,22396,48507
1862,19293,73623
1863,67660,42782
1864,85910,79653
1865,10917,77346
1866,95574,95030
1867,13081,96895
1868,33349,78699
1869,19861,25946
1870,30723,74420
1871,83039,74420
1872,41741,43779
1873,97400,90376
1874,81207,43779
1875,23994,57180
1876,54672,77346
1877,47001,50330
1878,26147,78699
1879,65987,36897
1880,99250,73623
1881,13826,31955
1882,3739,99052
1883,10454,37687
1884,48053,35579
1885,66813,95709
1886,16593,80759
1887,14668,80759
1888,33338,95030
1889,45300,37687
1890,3127,35579
1891,40992,63395
1892,70310,90376
1893,46451,90643
1894,288,41930
1895,557,63287
1896,22170,73623
1897,64164,72553
1898,74911,59795
1899,7020,31955
1900,78552,4233
1901,50386,48507
1902,48678,6569
1903,24442,74426
1904,89188,80759
1905,390,4233
1906,10663,28097
1907,97551,50330
1908,76895,43779
1909,85451,99052
1910,43989,74426
1911,99719,58558
1912,19245,80759
1913,36685,4034
1914,57123,73623
1915,51997,48570
1916,95631,48507
1917,70452,95030
1918,37219,72553
1919,59530,50885
1920,61737,36897
1921,33645,81991
1922,3143,63395
1923,78792,72553
1924,10076,6569
1925,59553,80759
1926,57666,48507
1927,22004,78699
1928,38668,97302
1929,43130,4034
1930,36263,4034
1931,99271,28400
1932,69850,3335
1933,59397,16807
1934,61127,48507
1935,30299,50330
1936,57962,81991
1937,88169,6569
1938,27094,77346
1939,39115,6569
1940,84189,28097
1941,79892,99052
1942,95046,96895
1943,34386,74426
1944,82646,34175
1945,31086,48570
1946,85226,3199
1947,32490,35579
1948,39704,73623
1949,80610,97302
1950,18675,22591
1951,47630,72553
1952,36102,35579
1953,22620,3335
1954,39157,36897
1955,86327,25946
1956,84865,74420
1957,83557,48570
1958,7490,80759
1959,94178,80759
1960,99660,42782
1961,57511,37687
1962,56941,41930
1963,77415,64871
1964,99754,4233
1965,81550,72553
1966,79911,64871
1967,82082,4233
1968,58846,79081
1969,11076,95030
1970,7204,14365
1971,73165,57180
1972,1737,41930
1973,12979,37687
1974,57334,90643
1975,1827,14365
1976,29390,52647
1977,31302,95709
1978,77231,90376
1979,36126,63287
1980,45200,37687
1981,99463,97302
1982,79170,73623
1983,12216,34175
1984,64593,96895
1985,30177,4233
1986,15074,4233
1987,5005,4233
1988,99348,99052
1989,82591,4034
1990,53089,78699
1991,24630,63395
1992,71387,35579
1993,61354,42782
1994,10481,19368
1995,39310,63395
1996,16297,16807
1997,72622,90643
1998,92965,64871
1999,89104,6569
2000,13408,63287
